text	Museo	Estrellas	Fecha de la visita	Fecha de la opinión	Enlace
Hijo renombrado de Malaga. Ver cómo tuvo sus diferentes etapas como pintor, Picasso artista controversial, su vida y obra es apasionante.	Museo Picasso	4	Feb-20	Mar-20	https://www.tripadvisor.es/ShowUserReviews-g187438-d288435-r751371427-Museo_Picasso_Malaga-Malaga_Costa_del_Sol_Province_of_Malaga_Andalucia.html?m=19905
Lugar encantador. Muy bien equipado con la vida y obra de Picasso. Con vistas a la plaza de la Merced. Buenas instalciones.	Museo Picasso	5	Apr-19	Mar-20	https://www.tripadvisor.es/ShowUserReviews-g187438-d288435-r750583445-Museo_Picasso_Malaga-Malaga_Costa_del_Sol_Province_of_Malaga_Andalucia.html?m=19905
Me esperaba más. No son obras de Picasso muy relevantes; me esperaba más. Por lo demás bien. El edificio es un palacio y merece la pena verlo.	Museo Picasso	3	Feb-20	Mar-20	https://www.tripadvisor.es/ShowUserReviews-g187438-d288435-r749997086-Museo_Picasso_Malaga-Malaga_Costa_del_Sol_Province_of_Malaga_Andalucia.html?m=19905
Vista obligada en Málaga. Una de las mejores sorpresas de Málaga es este museo. Tanto la colección de Picasso como el edificio renacentista en el que está hacen que la visita sea inolvidable.	Museo Picasso	5	Dec-19	Mar-20	https://www.tripadvisor.es/ShowUserReviews-g187438-d288435-r748542886-Museo_Picasso_Malaga-Malaga_Costa_del_Sol_Province_of_Malaga_Andalucia.html?m=19905
Solo para amantes de la pintura. Vale 9 euros la entrada normal. Me escogió el precio total de toda la familia, teniendo en cuenta que ninguno era un gran admirador o conocedor de la pintura contemporánea. Serían cuadros de valor incalculable, pero a mi no me llamaron la atención especialmente. Además, no tienen ninguna de las pinturas famosas del pintor malagueño.	Museo Picasso	2	Feb-20	Feb-20	https://www.tripadvisor.es/ShowUserReviews-g187438-d288435-r748271173-Museo_Picasso_Malaga-Malaga_Costa_del_Sol_Province_of_Malaga_Andalucia.html?m=19905
Visita interesante. Fuimos con un grupo de amigos un domingo porque ese es día es gratis y la cola avanza bastante rápida. La colección es amplia y bonita.	Museo Picasso	4	Feb-20	Feb-20	https://www.tripadvisor.es/ShowUserReviews-g187438-d288435-r747757105-Museo_Picasso_Malaga-Malaga_Costa_del_Sol_Province_of_Malaga_Andalucia.html?m=19905
Necesaria. Necesaria la visita de este museo en la localidad natal del artista. La tarifa es de ocho euros la general y la visita tiene una duración de 1 hora u hora y media. No es una gran coleccion de obras, todas ellas menores... pero es visitable sin más.	Museo Picasso	4	Feb-20	Feb-20	https://www.tripadvisor.es/ShowUserReviews-g187438-d288435-r747700638-Museo_Picasso_Malaga-Malaga_Costa_del_Sol_Province_of_Malaga_Andalucia.html?m=19905
Bien, pero un punto decepcionante. El museo está en un bonito edificio. Se ve rápidamente, en una hora o menos. Y se disfruta, pero no tiene ninguna de las obras importantes y conocidas de Picasso. Muchos dibujos, algo en cerámica y hierro y algo más colorido. Bien, ¡pero no para tirar cohetes!	Museo Picasso	4	Feb-20	Feb-20	https://www.tripadvisor.es/ShowUserReviews-g187438-d288435-r747127574-Museo_Picasso_Malaga-Malaga_Costa_del_Sol_Province_of_Malaga_Andalucia.html?m=19905
El de Málaga. Como no, ese grandísimo Pablo tenía que tener un museo en su ciudad, en su Málaga, y lo tenemos y disfrutamos.	Museo Picasso	5	Feb-20	Feb-20	https://www.tripadvisor.es/ShowUserReviews-g187438-d288435-r745958939-Museo_Picasso_Malaga-Malaga_Costa_del_Sol_Province_of_Malaga_Andalucia.html?m=19905
Obras poco conocidas. Las obras son poco conocidas. Hay muchos dibujos de la primera época, cerámica y algunas esculturas; en general, cedidos por familares de sus colecciones privadas. No es muy grande, se recorre tranquilamente en una hora.	Museo Picasso	3	Feb-20	Feb-20	https://www.tripadvisor.es/ShowUserReviews-g187438-d288435-r745726678-Museo_Picasso_Malaga-Malaga_Costa_del_Sol_Province_of_Malaga_Andalucia.html?m=19905
Lo mejor, las temporales. Tienen una gran exposición permanente, pero suelen traer cosas de muchísima calidad para hacer exposiciones temporales.	Museo Carmen Thyssen	5	Jan-20	Mar-20	https://www.tripadvisor.es/ShowUserReviews-g187438-d2067257-r750236516-Museo_Carmen_Thyssen_Malaga-Malaga_Costa_del_Sol_Province_of_Malaga_Andalucia.html?m=19905
Interesante museo. Interesante museo en el centro de Málaga con interesante pintura costumbrista andaluza y, también, de exposiciones temporales que sitúan en alto nivel la oferta cultural malagueña.	Museo Carmen Thyssen	4	Feb-20	Feb-20	https://www.tripadvisor.es/ShowUserReviews-g187438-d2067257-r747362941-Museo_Carmen_Thyssen_Malaga-Malaga_Costa_del_Sol_Province_of_Malaga_Andalucia.html?m=19905
Excelente museo. Es un museo fácil de ver que reúne obras maestras. Está muy céntrico junto a otros museos y catedral, etc.	Museo Carmen Thyssen	5	Feb-20	Feb-20	https://www.tripadvisor.es/ShowUserReviews-g187438-d2067257-r746056029-Museo_Carmen_Thyssen_Malaga-Malaga_Costa_del_Sol_Province_of_Malaga_Andalucia.html?m=19905
Siempre interesante. Te tiene que gustar la pintura española de los siglos XIX-XX. Atención a las muestras temporales. Bonito edificio. Descuento para Amigos del Thyssen de Madrid.	Museo Carmen Thyssen	4	Feb-20	Feb-20	https://www.tripadvisor.es/ShowUserReviews-g187438-d2067257-r745463078-Museo_Carmen_Thyssen_Malaga-Malaga_Costa_del_Sol_Province_of_Malaga_Andalucia.html?m=19905
Muy bien. Muy buena opción entre la gran oferta cultural de la ciudad. Es un bonito edificio donde se puede disfrutar de una buena colección de pintores y escenas relacionadas con Andalucía. Algunas obras de alto valor artístico.	Museo Carmen Thyssen	4	Feb-20	Feb-20	https://www.tripadvisor.es/ShowUserReviews-g187438-d2067257-r745407763-Museo_Carmen_Thyssen_Malaga-Malaga_Costa_del_Sol_Province_of_Malaga_Andalucia.html?m=19905
Segunda visita y no será la última. Bella exposición de pintura andaluza, gran colorido y realismo. La habíamos visitado hace unos años. Las cuatro plantas del palacio que alberga el museo merecen una visita. Una planta siempre dedicada a exposición temporal, en nuestro caso Fantasía Árabe. También posee una pequeña y bonita cafetería que no tuvimos tiempo de disfrutar.	Museo Carmen Thyssen	5	Feb-20	Feb-20	https://www.tripadvisor.es/ShowUserReviews-g187438-d2067257-r744986174-Museo_Carmen_Thyssen_Malaga-Malaga_Costa_del_Sol_Province_of_Malaga_Andalucia.html?m=19905
Interesante exposición orientalista y estupenda colección de Fortuny. La opinión es sobre todo para la exposición temporal sobre la pintura orientalista, en la que destacan numerosos y estupendos Fortuny, además de otros pintores orientalistas de la época. La colección permanente está muy marcada por el gusto de su dueña por el costumbrismo, el folclore y la pintura andaluza de finales del XIX y principios del XX, mucha de ella pintada para turistas.	Museo Carmen Thyssen	4	Feb-20	Feb-20	https://www.tripadvisor.es/ShowUserReviews-g187438-d2067257-r744793997-Museo_Carmen_Thyssen_Malaga-Malaga_Costa_del_Sol_Province_of_Malaga_Andalucia.html?m=19905
Es su ciudad y tenía que tener su museo. No hay comparación con el de Madrid, siento mucho decirlo, ya que ese museo es mi favorito y esperaba encontrar lo mismo aquí.	Museo Carmen Thyssen	3	Nov-19	Feb-20	https://www.tripadvisor.es/ShowUserReviews-g187438-d2067257-r742560944-Museo_Carmen_Thyssen_Malaga-Malaga_Costa_del_Sol_Province_of_Malaga_Andalucia.html?m=19905
Una colección muy personal. Museo siempre recomendable por sus peculiaridades, entre ellas, la posibilidad de disfrutar de la obra de pintores muy poco representados en otros museos y eso hace que este museo, en ese sentido, sea único. Por otro lado, no se puede olvidar que se trata de una colección particular y se nota. El cuidado, yo diría mimo, con que se presentan todas y cada una de las obras, desde el marco a la iluminación, es llamativo y hace que todas y cada una de ellas, desde su singularidad, nos aporte un gran placer. Coincidí, además, con una exposición temporal sobre la pintura orientalista: excelente. Un museo siempre es recomendable; este, desde luego, muy justamente.	Museo Carmen Thyssen	4	Jan-20	Jan-20	https://www.tripadvisor.es/ShowUserReviews-g187438-d2067257-r741540424-Museo_Carmen_Thyssen_Malaga-Malaga_Costa_del_Sol_Province_of_Malaga_Andalucia.html?m=19905
Bien dotado. Bonito lugar y muy buenas actividades ligadas a la pintura como charlas sobre cuadros y otras propuestas muy acertadas.	Museo Carmen Thyssen	4	Jan-20	Jan-20	https://www.tripadvisor.es/ShowUserReviews-g187438-d2067257-r741493581-Museo_Carmen_Thyssen_Malaga-Malaga_Costa_del_Sol_Province_of_Malaga_Andalucia.html?m=19905
Pequeño gran museo. Pequeño gran museo que, de forma temporal, expone obras de pintores rusos provenientes del Museo Estatal Ruso de Moscú. Ubicado en el antiguo edificio de Tabacalera junto con el Museo Automovilístico y de la Moda.	Museo Ruso	4	Feb-20	Feb-20	https://www.tripadvisor.es/ShowUserReviews-g187438-d7891709-r747366848-Coleccion_del_Museo_Ruso-Malaga_Costa_del_Sol_Province_of_Malaga_Andalucia.html?m=19905
Esperaba más... Museo amplio, bonito como edificio, pero no muy interesante para mi gusto. Tengo que decir que iba con el concepto de ver grandes obras de arte, pero me pareció demasiado monotemático. Será que en España tenemos tan buenos pintores clásicos que todo lo demás me parece poca cosa (sé que suena pretencioso), pero me esperaba más de este sitio.	Museo Ruso	3	Feb-20	Feb-20	https://www.tripadvisor.es/ShowUserReviews-g187438-d7891709-r747249711-Coleccion_del_Museo_Ruso-Malaga_Costa_del_Sol_Province_of_Malaga_Andalucia.html?m=19905
Interesantes exposiciones en un precioso lugar. Ya de por sí el edificio merece una visita. Sus exposiciones temporales recogen parte del museo de San Petersburgo, algo difícil de ver por estos lares... Si a eso le añades que está junto al paseo marítimo y siempre puedes disfrutar de un paseo por la playa o comer pescaíto fresco... ¡¡qué más se puede pedir en un día!!	Museo Ruso	5	Feb-20	Feb-20	https://www.tripadvisor.es/ShowUserReviews-g187438-d7891709-r747151076-Coleccion_del_Museo_Ruso-Malaga_Costa_del_Sol_Province_of_Malaga_Andalucia.html?m=19905
Hay que informarse previamente. Hay que informarse previamente ya que las exposiciones son itinerantes y te puedes encontrar con que ya no tienen la que buscas. De todas formas vale la pena como único medio de conocer cultura rusa.	Museo Ruso	4	Feb-20	Feb-20	https://www.tripadvisor.es/ShowUserReviews-g187438-d7891709-r746574290-Coleccion_del_Museo_Ruso-Malaga_Costa_del_Sol_Province_of_Malaga_Andalucia.html?m=19905
Un museo único en España. Me sorprendió mucho este museo, que no conocía. Es una filial del Museo Ruso de San Petersburgo. No tiene colección permanente, solo exposiciones temporales, pero la calidad de lo que expone es muy alta. Notabilísima la colección de cuadros de retratos y escenas del siglo XIX, que no tienen nada que envidiar a la mejor pintura inglesa de la época... Aunque está lejos del centro, vale la pena el esfuerzo de acercarse a verlo. Y, después de ver esta muestra, anima mucho a ir a ver las colecciones de San Petersburgo...	Museo Ruso	4	Feb-20	Feb-20	https://www.tripadvisor.es/ShowUserReviews-g187438-d7891709-r744792634-Coleccion_del_Museo_Ruso-Malaga_Costa_del_Sol_Province_of_Malaga_Andalucia.html?m=19905
Precioso. Increibles obras y muy interesantes… Me soprendio por dentro y ¡lo vi precioso! Está en un lugar donde tienes más museos alrededor.	Museo Ruso	5	Nov-19	Feb-20	https://www.tripadvisor.es/ShowUserReviews-g187438-d7891709-r742976446-Coleccion_del_Museo_Ruso-Malaga_Costa_del_Sol_Province_of_Malaga_Andalucia.html?m=19905
Recomendable. Perfecta recuperación de la antigua tabacalera para ofrecernos exposiciones sobre arte ruso temporales y anuales.	Museo Ruso	4	Jan-20	Jan-20	https://www.tripadvisor.es/ShowUserReviews-g187438-d7891709-r741493740-Coleccion_del_Museo_Ruso-Malaga_Costa_del_Sol_Province_of_Malaga_Andalucia.html?m=19905
Mujer en la pintura rusa. Excelente colección del museo ruso de San Petersburgo. Varía periódicamentete. Muy recomendable. Buenas instalaciones…	Museo Ruso	5	Jan-20	Jan-20	https://www.tripadvisor.es/ShowUserReviews-g187438-d7891709-r736764286-Coleccion_del_Museo_Ruso-Malaga_Costa_del_Sol_Province_of_Malaga_Andalucia.html?m=19905
Mejorable. Tenía muchas ganas de visitarlo desde que lo abrieron y me ha decepcionado. No tiene una colección permanente con lo que es una suerte que en el momento que vayas la exposición sea buena o no. A nosotros nos tocó una colección pasable, mujeres, reinas y obreras. Las demás no nos gustaron demasiado. De todas formas, desde mi punto de vista, los 8 euros de la entrada no los vale.	Museo Ruso	3	Dec-19	Dec-19	https://www.tripadvisor.es/ShowUserReviews-g187438-d7891709-r735530099-Coleccion_del_Museo_Ruso-Malaga_Costa_del_Sol_Province_of_Malaga_Andalucia.html?m=19905
Una agradable visita. Hay dos tipos de exposiciones itinerantes, dos semestrales y una anual. No hay fondos fijos. Por eso, cada vez que vayas, puede que te encuentres con sorprendentes obras nuevas. La pintura y escultura rusas son mucho más ricas de lo que la mayoría imagina. Si te gusta el arte es un buen lugar para pasar una buena mañana o tarde.	Museo Ruso	5	Dec-19	Dec-19	https://www.tripadvisor.es/ShowUserReviews-g187438-d7891709-r733231844-Coleccion_del_Museo_Ruso-Malaga_Costa_del_Sol_Province_of_Malaga_Andalucia.html?m=19905
Es muy vistoso, pero... El Centre Pompidou Málaga es una sede del Centro Nacional de Arte y Cultura Georges Pompidou de Francia ubicada en el espacio denominado El Cubo en la ciudad española de Málaga. Se trata de la primera sede internacional del Centre Pompidou París. Es una estructura llamativa por su colorido, pero termina siendo una caja coloreada que le da una categoría a la zona.	Centre Pompidou	4	Feb-20	Apr-20	https://www.tripadvisor.es/ShowUserReviews-g187438-d7896329-r753014424-Centre_Pompidou_Malaga-Malaga_Costa_del_Sol_Province_of_Malaga_Andalucia.html?m=19905
Para no volver. El gran museo de las mamarrachadas. Si os gusta el hamparte, este es su templo. Se salvan cuatro obras.	Centre Pompidou	2	Dec-19	Mar-20	https://www.tripadvisor.es/ShowUserReviews-g187438-d7896329-r750236827-Centre_Pompidou_Malaga-Malaga_Costa_del_Sol_Province_of_Malaga_Andalucia.html?m=19905
Soso. Ubicado en el puerto marítimo. Tiene parking. Las obras son interesantes. Pero aparte de eso, nada. El edificio en sí es horroroso. Parece algo más de un polígono industrial que no representa en nada lo que debería ser. Entrada cara.	Centre Pompidou	3	Feb-20	Feb-20	https://www.tripadvisor.es/ShowUserReviews-g187438-d7896329-r747297570-Centre_Pompidou_Malaga-Malaga_Costa_del_Sol_Province_of_Malaga_Andalucia.html?m=19905
Un museo que te atiende según tus recursos. Ante todo, la imagen arquitectónica es banal y superflua, una "caja pintada" sin ningún atrevimiento de diseño que enaltezca la marca. El trato era de: si entras me da igual, total aquí viene mucho público cautivo turístico. La información sobre las muestras escasa como para saber si pagar una entrada bastante costosa. Lo más asombroso: había que pagar la entrada para poder acceder a... ¡¡¡la TIENDA!!! O sea, te cobran por llevar merchandising de promoción para ellos mismos. Una idea abstrusa por donde la veas. Ni me molesté en entrar.	Centre Pompidou	2	Oct-19	Feb-20	https://www.tripadvisor.es/ShowUserReviews-g187438-d7896329-r745198335-Centre_Pompidou_Malaga-Malaga_Costa_del_Sol_Province_of_Malaga_Andalucia.html?m=19905
Visita imprescindible en Málaga. Fuimos un domingo aprovechando la entrada gratuita y nos ha maravillado, tanto su desenfadado cubo exterior como las obras en el interior. Es un lugar diferente donde se puede apreciar arte con mayúsculas.	Centre Pompidou	5	Dec-19	Feb-20	https://www.tripadvisor.es/ShowUserReviews-g187438-d7896329-r742895662-Centre_Pompidou_Malaga-Malaga_Costa_del_Sol_Province_of_Malaga_Andalucia.html?m=19905
Un lujo... para nosotros poder visitar este centro tal y como, hace unos años, visitamos el de París. La UTOPÍA casi la entiendo después de esta visita. También destaco la ubicación de este centro allí al principio del muelle.	Centre Pompidou	5	Jan-20	Jan-20	https://www.tripadvisor.es/ShowUserReviews-g187438-d7896329-r741568197-Centre_Pompidou_Malaga-Malaga_Costa_del_Sol_Province_of_Malaga_Andalucia.html?m=19905
¡¡¡Fabuloso!!! Fabuloso. Hemos ido en familia con dos niños un domingo por la mañana. Nos ha dirigido la visita Ana, que es un encanto, muy buenas explicaciones en la visita con niños. ¡¡¡Repetiremos pronto!!!	Centre Pompidou	5	Jan-20	Jan-20	https://www.tripadvisor.es/ShowUserReviews-g187438-d7896329-r738752338-Centre_Pompidou_Malaga-Malaga_Costa_del_Sol_Province_of_Malaga_Andalucia.html?m=19905
Imprescindible. Museo pequeño y muy agradable para visitar en una hora más o menos. Muy buena selección de obras. Tambien hay siempre una exposición temporal.	Centre Pompidou	5	Dec-19	Jan-20	https://www.tripadvisor.es/ShowUserReviews-g187438-d7896329-r737514491-Centre_Pompidou_Malaga-Malaga_Costa_del_Sol_Province_of_Malaga_Andalucia.html?m=19905
Excursion con alumnos entretenida. El centro en sí está muy bien organizado. Llevé a mis alumnos de español y disfrutaron mucho. Pero, en mi opinión, si no entiendes de arte es difícil de entender algunas obras.	Centre Pompidou	4	Jul-19	Jan-20	https://www.tripadvisor.es/ShowUserReviews-g187438-d7896329-r736770198-Centre_Pompidou_Malaga-Malaga_Costa_del_Sol_Province_of_Malaga_Andalucia.html?m=19905
Musée Pompidou. Me gustó mucho la visita al museo. Me gusta mucho el arte moderno. De precio no está mal, no es caro.	Centre Pompidou	5	Nov-19	Nov-19	https://www.tripadvisor.es/ShowUserReviews-g187438-d7896329-r728849399-Centre_Pompidou_Malaga-Malaga_Costa_del_Sol_Province_of_Malaga_Andalucia.html?m=19905
Está abierto y es genial. Digo que está abierto porque aparece como cerrado en la ficha de TripAdvisor y es mentira. Está abierto, abre hasta las 21:30 y tiene una exposición permanente de artistas plásticos andaluces que es fantástica. La entrada es gratuita. De las temporales me encantó la exposición de Drácula x Drácula con distintas obras de distintos artistas inspirada en el polo helado de ese nombre.	CAC	5	Dec-19	Dec-19	https://www.tripadvisor.es/ShowUserReviews-g187438-d581638-r731125827-Cac_Malaga_Centro_de_Arte_Contemporaneo_de_Malaga-Malaga_Costa_del_Sol_Province_o.html?m=19905
Arte contemporaneo en el centro de la ciudad. Está dedicado a una rama del arte muy concreta. Entrada gratuita. Las exposiciones itinerantes muy interesantes. El espacio totalmente diáfano. Bien iluminado. En su día fue el mercado de abastos.	CAC	5	Oct-18	Jul-19	https://www.tripadvisor.es/ShowUserReviews-g187438-d581638-r689836555-Cac_Malaga_Centro_de_Arte_Contemporaneo_de_Malaga-Malaga_Costa_del_Sol_Province_o.html?m=19905
Un museo diferente. Tiene exposiciones muy vanguardistas. Las salas son muy amplias y no es muy grande con lo cual no te cansas. Se puede disfrutar a tu aire, no suele estar muy concurrido. El restaurante está genial. Ahora mismo están cambiando y hay algunos problemas con el ayuntamiento que espero se solucionen pronto.	CAC	5	May-19	May-19	https://www.tripadvisor.es/ShowUserReviews-g187438-d581638-r672298905-Cac_Malaga_Centro_de_Arte_Contemporaneo_de_Malaga-Malaga_Costa_del_Sol_Province_o.html?m=19905
Personal lamentable. Ya habíamos leído que según cuando vayas la exposición te puede gustar más o menos. A nosotros no nos impactó la verdad. Tampoco ayuda que no haya ni un folleto con el título o el objetivo de lo que vas a ver dentro. Todo eso queda en segundo lugar por lo maleducados que son desde la entrada. Te responden de malas maneras a todo. Y dentro de la sala nos estuvieron llamando la atención todo el rato. La tercera vez que lo hicieron, les pedí amablemente que me explicaran a qué distancia debíamos ponernos para ver las fotografías expuestas y la respuesta fue que un metro mínimo... 😱 Les comenté que era el primer museo que imponía tantísima distancia de seguridad y que si era así que lo dijesen a la entrada y la respuesta: dígaselo usted a ellos si quiere... A partir de ahí de mal en peor, se dedicaron a seguirnos por las salas para ver si cumplíamos el metro de separación. En fin, para no volver...	CAC	1	Apr-19	Apr-19	https://www.tripadvisor.es/ShowUserReviews-g187438-d581638-r664527605-Cac_Malaga_Centro_de_Arte_Contemporaneo_de_Malaga-Malaga_Costa_del_Sol_Province_o.html?m=19905
Me gustó hasta el restaurante de al lado. Depende de las exposiciones, pero el sitio está bien, alejado del centro ruidoso y con buena luz y temperatura para las obras.	CAC	5	Dec-18	Mar-19	https://www.tripadvisor.es/ShowUserReviews-g187438-d581638-r658117655-Cac_Malaga_Centro_de_Arte_Contemporaneo_de_Malaga-Malaga_Costa_del_Sol_Province_o.html?m=19905
EL MEJOR MUSEO DE MÁLAGA. No tan conocido como el Museo Picasso, aunque para mi el mejor sitio de arte en Málaga. Las exposiciones que se hacen en este centro de arte nada tienen que envidiar a las que puedan hacerse en Londres, París o Nueva York.	CAC	5	Nov-18	Mar-19	https://www.tripadvisor.es/ShowUserReviews-g187438-d581638-r656049904-Cac_Malaga_Centro_de_Arte_Contemporaneo_de_Malaga-Malaga_Costa_del_Sol_Province_o.html?m=19905
De los museos más interesantes de la ciudad. De los museos más interesantes de la ciudad. Siempre suele haber exposiciones temporales muy buenas. La cafetería tiene una terraza al río ideal para echar un café o una cerveza, muy ambientada por la tarde. Cuando estuve, había una exposición muy buena de un fotógrafo, Dioniso González, experto en arquitectura.	CAC	4	Feb-19	Feb-19	https://www.tripadvisor.es/ShowUserReviews-g187438-d581638-r652800679-Cac_Malaga_Centro_de_Arte_Contemporaneo_de_Malaga-Malaga_Costa_del_Sol_Province_o.html?m=19905
En el Soho de Málaga. Este CAC se encuentra situado al lado del río. Es una visita interesante siempre y cuando te guste el arte contemporáneo (a veces no es fácil entenderlo). Al ser gratuito, te duele menos que te tomen el pelo si no estás por la labor de querer entenderlo.	CAC	4	Jan-19	Feb-19	https://www.tripadvisor.es/ShowUserReviews-g187438-d581638-r649539017-Cac_Malaga_Centro_de_Arte_Contemporaneo_de_Malaga-Malaga_Costa_del_Sol_Province_o.html?m=19905
Ni todo el monte es orégano... ni todo lo que se presenta como arte merece valorarse positivamente. Estuvimos viendo una exposición de fotos de arquitectura contemporánea original y vanguardista. Nada que objetar. Pero, es mi opinión, no veo que pueda venderse como arte cuando se trata de unos carteles con los nombres de jugadores de fútbol, etcétera. No sé si forma parte de la exposición permanente, pero vamos, he visto trabajos de niños y monos que son más artísticos. Aunque no ser políticamente correctos es correr el riesgo de... En fin.	CAC	3	Jan-19	Jan-19	https://www.tripadvisor.es/ShowUserReviews-g187438-d581638-r649283854-Cac_Malaga_Centro_de_Arte_Contemporaneo_de_Malaga-Malaga_Costa_del_Sol_Province_o.html?m=19905
Museo gratuito. No sabía que era siempre gratis, ¡me ha chocado eso! Es bueno saberlo así que cada vez que haya algo nuevo pues siempre se puede ver gratis... La exposición que había me ha encantado... Y a quien le interese en el mismo museo se encuentra el restaurante Óleo, ¡donde se come divinamente!	CAC	5	Jan-19	Jan-19	https://www.tripadvisor.es/ShowUserReviews-g187438-d581638-r647005343-Cac_Malaga_Centro_de_Arte_Contemporaneo_de_Malaga-Malaga_Costa_del_Sol_Province_o.html?m=19905
Señorial. Solo por ver el edificio por dentro ya merece la pena la entrada. Qué patio tan señorial. Qué maravilla. Pero ciertas obras que expone son icónicas.	Museo de Málaga	5	Dec-19	Mar-20	https://www.tripadvisor.es/ShowUserReviews-g187438-d11914853-r750237524-Museo_de_Malaga-Malaga_Costa_del_Sol_Province_of_Malaga_Andalucia.html?m=19905
Un imprescindible. Ya era hora de que Málaga volviera a tener un museo como Dios manda. He de adimitir que era la primera vez que entraba en el palacio de la aduana y no defraudó. La planta de arqueología muy completa y lo mejor el mosaico del nacimiento de Venus. La planta de arte muy completa con algún que otro Picasso. El almacén que está en la planta baja está abierto al público y no hay que perdérselo. La entrada es gratis para los ciudadanos de la Unión Europea y para los de fuera pagan 1,50 Euros.	Museo de Málaga	5	Feb-20	Feb-20	https://www.tripadvisor.es/ShowUserReviews-g187438-d11914853-r747941360-Museo_de_Malaga-Malaga_Costa_del_Sol_Province_of_Malaga_Andalucia.html?m=19905
Bellas artes y arqueológico juntos. El mejor museo de Málaga. Amplio horario, pues cierra a las 9 de la noche, 6 días a la semana abierto. Tiene la colección arqueológica y de pintura andaluza del siglo 19 y 20 fundamentalmente. Cuadros fascinantes de Enrique Simonet, paisajes marinos de Ocón o enigmáticos como Muñoz Degrain.	Museo de Málaga	5	Feb-20	Feb-20	https://www.tripadvisor.es/ShowUserReviews-g187438-d11914853-r747386809-Museo_de_Malaga-Malaga_Costa_del_Sol_Province_of_Malaga_Andalucia.html?m=19905
Joyas por descubrir. Informado por residentes en Málaga, visitamos el Palacio de la Aduana. SORPRESÓN. Enorme, espacioso, luminoso. Exquisítamente presentado al visitante, fácil de ver, pero... hay que ir a verlo como mínimo tres veces para entender todo el arte y la arqueología... GRATUITO.	Museo de Málaga	5	Feb-20	Feb-20	https://www.tripadvisor.es/ShowUserReviews-g187438-d11914853-r745761496-Museo_de_Malaga-Malaga_Costa_del_Sol_Province_of_Malaga_Andalucia.html?m=19905
Excelente colección de pintura. Museo muy interesante en un edificio precioso. Acceso gratuito. La colección de pintura es magnífica.	Museo de Málaga	5	Jan-20	Jan-20	https://www.tripadvisor.es/ShowUserReviews-g187438-d11914853-r740477547-Museo_de_Malaga-Malaga_Costa_del_Sol_Province_of_Malaga_Andalucia.html?m=19905
En la ciudad de museos, este gratuito y excelente. Visité Málaga varias veces, siempre visité algún museo. Málaga es la ciudad del museo con el Picasso el Thyssen el Ruso... Este, situado en pleno centro, perfectamente restaurado en el edificio de la aduana, es fantástico tanto en la parte de arqueología como de pintura... Es gratuito y muy recomendable y subir a la terraza y restaurante... Este museo debería acoger el municipal de Málaga, muy escaso de obras de relieve y que veo solo es un gasto de personal y mantenimiento... Aconsejo visitar el museo de Málaga posiblemente en 2-3 ocasiones por la amplitud de obras y temas que aborda.	Museo de Málaga	5	Jan-20	Jan-20	https://www.tripadvisor.es/ShowUserReviews-g187438-d11914853-r740032637-Museo_de_Malaga-Malaga_Costa_del_Sol_Province_of_Malaga_Andalucia.html?m=19905
Dos museos en uno. Ubicado en el palacio de la aduana, edificio del siglo XVIII, ya de por sí una joya que merece su visita. Aquí es donde se erigió la primera aduana para controlar las mercancías que llegaban al puerto por mar y así poder cobrar aranceles. Ahora es la sede del Museo de Málaga, que integra a dos museos bajo el mismo techo: el Museo Provincial de Bellas Artes y el Museo de Arqueología Provincial, todo un lujazo. Nosotros fuimos un domingo que la entrada era gratis y nos impactó la gran cantidad de obras de arte y la calidad de los artistas como Picasso, Sorolla, Benlliure, Madrazo o José de Ribera, entre otros, y la gran colección de piezas arqueológicas del neolítico, fenicias o romanas, entre otras. Tardamos casi 2 horas que nos pasaron volando. Además, con la suerte de que aquí sí puedes hacer fotos a las obras expuestas. Si estas en Málaga es imperdonable no visitarlo.	Museo de Málaga	5	Oct-19	Oct-19	https://www.tripadvisor.es/ShowUserReviews-g187438-d11914853-r719465308-Museo_de_Malaga-Malaga_Costa_del_Sol_Province_of_Malaga_Andalucia.html?m=19905
ESPECTACULAR. ¡Es un gran museo! Es nuevo y tiene grandes obras. Está muy bien ambientado y es gratis. Los malagueños están muy orgullosos de haber logrado tener esta joya.	Museo de Málaga	5	Sep-19	Oct-19	https://www.tripadvisor.es/ShowUserReviews-g187438-d11914853-r718618402-Museo_de_Malaga-Malaga_Costa_del_Sol_Province_of_Malaga_Andalucia.html?m=19905
Maravilla de museo. Un gran museo para Málaga con unas colecciones muy interesantes tanto en su sección de arqueología como en pintura.Las exposiciones con un exquisito gusto. Solo el edificio como tal es una fantástica obra arquitectónica.	Museo de Málaga	5	Aug-19	Sep-19	https://www.tripadvisor.es/ShowUserReviews-g187438-d11914853-r711453409-Museo_de_Malaga-Malaga_Costa_del_Sol_Province_of_Malaga_Andalucia.html?m=19905
Imprescindible. El edificio es excepcional y uno de los mejores de la ciudad. Afortunadamente rehabilitado como museo. Aunque costó casi 20 años y un dineral. Y no le costó el puesto a nadie... Dentro hay dos museos en realidad: el arqueológico y el de pinturas. El arqueológico tiene la novedad de que se presenta por colecciones junto a carteles explicativos sobre las personas que los coleccionaron, descubrieron, etc. Muchas veces vinculado a las familias ricas y/o más cultas de la ciudad. Todo muy didáctico y bien presentado e iluminado. Y dejan hacer fotos, lo que es muy de agradecer. El museo de pinturas es muy interesante ya que Málaga fue una ciudad rica en el XIX y tuvo o vinieron muy buenos pintores. Solo echo de menos un apartado de fotografía histórica en el museo. Muy recomendable. Imprescindible.	Museo de Málaga	5	Jul-19	Aug-19	https://www.tripadvisor.es/ShowUserReviews-g187438-d11914853-r702542736-Museo_de_Malaga-Malaga_Costa_del_Sol_Province_of_Malaga_Andalucia.html?m=19905
Increíble colección de coches. Fantástica exposición de coches antiguos. Para mí fue un verdadero descubrimiento. He viajado hasta Francia para ver peor colección de coches. Muy bien conservados, algunos espectaculares. Muy bien el precio.	Museo Automovilístico y de la Moda	5	May-19	Mar-20	https://www.tripadvisor.es/ShowUserReviews-g187438-d2049739-r751168879-Museo_Automovilistico_y_de_la_Moda-Malaga_Costa_del_Sol_Province_of_Malaga_Andal.html?m=19905
Una muestra combinada de los autos clásicos más vistosos y la ropa de alta custura unidos en varios pabellones. Como periodista profesional especializado en el automovilismo, llegar al Museo Automovilístico de Teresa Prat 15 fue uno de los paseos que será recordado con mas cariño toda mi vida. Casi 50 años escribiendo sobre el automóvil se vieron aquí compensados pudiendo tocar (cuando no me veian) los clásicos más requeridos por los amantes de las cuatro ruedas. Se ven compensados en esta visita al ver exhibidos un De Dion-Bouton de 1903, un Minerva de 1904, un Richmond de 1909, El Barron Ackroyd (El Pampero) de 1914, uno de los primeros Renault modelo 1912, un Lancia Kappa de 1921, un Hispano Suiza de 1923, un Fiat 500 (Toppolino) de 1936, el coche de desfile de Mussolini, un Lancia Dilambda de 1934, un Citroën 1963 que enamoro al mismísimo General De Gaulle y, entre los más nuevos, un Aston Martin DB3 que mostró James Bond en sus primeros filmes, un coupé Mercedes Benz Ala de Gaviota, un Jaguar W-Type serie 1 de 1961 que en la exposición de Ginebra llegó a ser considerado en 2008 en una encuesta del Daily Telegraph como el más bonito que había visto en su vida según Enzo Ferrari. Además de los automoviles, se exhiben modelos de Christian Dior, Ives de Saint Laurent, Versace y otros maestros máximos de la moda femenina. Una visita imperdible.	Museo Automovilístico y de la Moda	5	Feb-20	Mar-20	https://www.tripadvisor.es/ShowUserReviews-g187438-d2049739-r748505672-Museo_Automovilistico_y_de_la_Moda-Malaga_Costa_del_Sol_Province_of_Malaga_Andal.html?m=19905
Sorprendente colección. A poco que te gusten los autos o hayas visto cine clásico disfrutarás de la visita. Sorprendentes coches del siglo XX hasta finales de los 60. Algunos modelos solo se pueden ver en 2 museos del mundo. Todo muy limpio, bien explicado, baños limpios amplios. Gratis los lunes de 2 a 4. Merece la pena la visita pagando los 10€.	Museo Automovilístico y de la Moda	5	Feb-20	Feb-20	https://www.tripadvisor.es/ShowUserReviews-g187438-d2049739-r747382192-Museo_Automovilistico_y_de_la_Moda-Malaga_Costa_del_Sol_Province_of_Malaga_Andal.html?m=19905
Impresionante. Hay que visitar este museo. Tiene una colección de coches impresionante. El sitio es muy fácil de encontrar.	Museo Automovilístico y de la Moda	5	Feb-20	Feb-20	https://www.tripadvisor.es/ShowUserReviews-g187438-d2049739-r746284284-Museo_Automovilistico_y_de_la_Moda-Malaga_Costa_del_Sol_Province_of_Malaga_Andal.html?m=19905
Sorpresa con los coches. Sorprende la enorme colección de coches y su estupendo estado de conservación. Vale la pena hacer una parada y disfrutar de un paseo por sus instalaciones.	Museo Automovilístico y de la Moda	4	Feb-20	Feb-20	https://www.tripadvisor.es/ShowUserReviews-g187438-d2049739-r742781954-Museo_Automovilistico_y_de_la_Moda-Malaga_Costa_del_Sol_Province_of_Malaga_Andal.html?m=19905
No pierdan el tiempo. En un lugar maravilloso como Málaga hay cien museos más recomendables. Soy conocedor y coleccionista de coches clásicos por lo que conozco museos del tema. La cantidad y calidad es buena, no esperen nada fuera de lo común, pero hermosas piezas. Las restauraciones son exageradas como era tendencia hace unos veinte años, con lo que no sabemos si lo que vemos era original o tiene múltiples cambios. Un museo serio no los aceptaría jamás, solo se ven en colecciones privadas voluntariosas. Pero lo peor eran los carteles informativos que querían darle contexto o una nota de color totalmente delirante, del tipo «el coche de los dandis» o tonterías por el estilo, sin dar nada de información sobre la historia de lo que vemos. La parte de moda, de la que mi mujer es frecuente visitadora de museos, era peor aún. Muy decepcionado, ni siquiera la habitual tienda de regalos tenía nada interesante.	Museo Automovilístico y de la Moda	2	Jan-20	Jan-20	https://www.tripadvisor.es/ShowUserReviews-g187438-d2049739-r741815472-Museo_Automovilistico_y_de_la_Moda-Malaga_Costa_del_Sol_Province_of_Malaga_Andal.html?m=19905
No muy interesante. Precio elevado. Una gran variedad de coches. Algunos indican que son únicos y no se pueden ver en ningún otro sitio. Algunos deberían estar más cuidados. Si no os interesa mucho el tema, podéis prescindir de la visita.	Museo Automovilístico y de la Moda	3	Jan-20	Jan-20	https://www.tripadvisor.es/ShowUserReviews-g187438-d2049739-r740761302-Museo_Automovilistico_y_de_la_Moda-Malaga_Costa_del_Sol_Province_of_Malaga_Andal.html?m=19905
Engañados. Los domingos por la tarde figura como gratuito. Llegamos con 7 niños para estar durante una hora y nos encontramos con dos chavales que informan que desde octubre no es gratuito. Tuvimos que entrar ya que fuimos explícitamente para eso con el importante desembolso económico. Además, estuvieron persiguiéndonos por cada una de las salas para que nos diéramos prisa porque iban a cerrar con el consiguiente agobio. Una pena porque el museo es muy interesante. Puse una reclamación. Hay buzón para ello.	Museo Automovilístico y de la Moda	1	Jan-20	Jan-20	https://www.tripadvisor.es/ShowUserReviews-g187438-d2049739-r738483990-Museo_Automovilistico_y_de_la_Moda-Malaga_Costa_del_Sol_Province_of_Malaga_Andal.html?m=19905
Interesante museo. El Museo Automovilístico de Málaga es un museo enfocado a la automoción. Su ubicación se encuentra en el antiguo edificio de la Real Fábrica de Tabacos de la ciudad de Málaga. Es impresionante ver los más de 100 vehículos en exposición y que pertenecen a distintas etapas. El primero de los vehículo que se ecuentra en exposición es del 1898. A su vez, este museo constituye una gran variedad de modelos de las grandes marcas: Lancia, Hispano Suiza, Rolls Royce, Bentley, Jaguar, Auburn, Mercedes, Bugatti, Ferrari... Asimismo, el museo tiene en su interior una sección de moda donde podemos observar los sombreros antiguos, sombrereras, maletas y trajes de época. ​	Museo Automovilístico y de la Moda	4	Mar-19	Jan-20	https://www.tripadvisor.es/ShowUserReviews-g187438-d2049739-r736093616-Museo_Automovilistico_y_de_la_Moda-Malaga_Costa_del_Sol_Province_of_Malaga_Andal.html?m=19905
Visita interesante. Hemos visitado el museo con nuestros perros. Ha sido una visita interesante y hemos podido disfrutarla juntos.	Museo Automovilístico y de la Moda	5	Dec-19	Dec-19	https://www.tripadvisor.es/ShowUserReviews-g187438-d2049739-r735704336-Museo_Automovilistico_y_de_la_Moda-Malaga_Costa_del_Sol_Province_of_Malaga_Andal.html?m=19905
Expresionismo a un paso del centro. Por la calidad de lo expuesto: expresionismo, algo no tan general y fácil de encontrar. Por su ubicación, a un paso del centro de la ciudad antigua. Por encontrarse en un convento, por donde pasearon las monjas que aún comparten muros con las obras de arte. Por las actividades: cine, conciertos, poesia, teatro... Hasta talleres para niños. Por darle nueva vida a un barrio de toda la vida. En resumen. Un museo muy especial.	Museo Jorge Rando	5	May-19	Dec-19	https://www.tripadvisor.es/ShowUserReviews-g187438-d6685840-r735136810-Museum_Jorge_Rando-Malaga_Costa_del_Sol_Province_of_Malaga_Andalucia.html?m=19905
Más que un museo. Por su ubicación, originalidad, atención y actividades. Todo para sentir las obras que contiene. Imprescindible.	Museo Jorge Rando	5	Dec-19	Dec-19	https://www.tripadvisor.es/ShowUserReviews-g187438-d6685840-r734930869-Museum_Jorge_Rando-Malaga_Costa_del_Sol_Province_of_Malaga_Andalucia.html?m=19905
Un museo diferente y con buen nivel cultural. El Jorge Rando de Málaga es un museo diferente y con buen nivel cultural (fondos permanentes y exposiciones temporales, actividades adicionales como cinemateca, etc.). El personal siempre muy atento y aportando información de buen nivel. Desde que se abrió vamos dos o tres veces cada año.	Museo Jorge Rando	5	Sep-19	Dec-19	https://www.tripadvisor.es/ShowUserReviews-g187438-d6685840-r734928039-Museum_Jorge_Rando-Malaga_Costa_del_Sol_Province_of_Malaga_Andalucia.html?m=19905
Fantástico museo. No tan conocido en la ciudad, pero esconde muchas obras fantásticas. El edificio es genial y la reforma espectacular.	Museo Jorge Rando	5	Dec-19	Dec-19	https://www.tripadvisor.es/ShowUserReviews-g187438-d6685840-r734926564-Museum_Jorge_Rando-Malaga_Costa_del_Sol_Province_of_Malaga_Andalucia.html?m=19905
Pequeño, pero único. Cuatro salas dedicadas al expresionismo; único en su estilo en España. Muchas actividades pictóricas y musicales. Interesante.	Museo Jorge Rando	4	Oct-19	Oct-19	https://www.tripadvisor.es/ShowUserReviews-g187438-d6685840-r716119008-Museum_Jorge_Rando-Malaga_Costa_del_Sol_Province_of_Malaga_Andalucia.html?m=19905
Como en casa. Además de que la obra expuesta te conmueve y ves otro tipo de pintura al que no estamos muy acostumbrados. Se siente uno como en casa, muy bien atentido por el personal del museo y por lo acogedor que es el espacio en sí. Es gratuito. He ido varias veces. Además, el museo da conferencias, trae exposiciones, música, etc. Una joya.	Museo Jorge Rando	5	Jul-19	Aug-19	https://www.tripadvisor.es/ShowUserReviews-g187438-d6685840-r701284818-Museum_Jorge_Rando-Malaga_Costa_del_Sol_Province_of_Malaga_Andalucia.html?m=19905
Un lugar memorable. Para quitarse el sombrero, siempre que seas de los elegidos que lo siguen utilizando. Para visitar y revisitar. Málaga también tiene estas sorpresas. No solo de Sol y playa vive el ser humano. ¡Acudid a quemaros en este museo!	Museo Jorge Rando	5	Aug-19	Aug-19	https://www.tripadvisor.es/ShowUserReviews-g187438-d6685840-r701224232-Museum_Jorge_Rando-Malaga_Costa_del_Sol_Province_of_Malaga_Andalucia.html?m=19905
Sorprendente. Un espacio polivalente. Disfrutas de las obras expuestas en intimidad con ellas o de sus eventos culturales que siempre te sorprenden por su calidad. Un museo vivo, que palpita. Un gran museo.	Museo Jorge Rando	5	Apr-19	Aug-19	https://www.tripadvisor.es/ShowUserReviews-g187438-d6685840-r701211892-Museum_Jorge_Rando-Malaga_Costa_del_Sol_Province_of_Malaga_Andalucia.html?m=19905
Museo expresionista. El diseño del edificio es fantástico. Y el trabajo de Rando, más allá de gustos particulares, muy interesante. El único pero fue el calor que había en todas las salas.	Museo Jorge Rando	4	Aug-19	Aug-19	https://www.tripadvisor.es/ShowUserReviews-g187438-d6685840-r698254041-Museum_Jorge_Rando-Malaga_Costa_del_Sol_Province_of_Malaga_Andalucia.html?m=19905
Muy recomendable. Ha sido un gran descubrimiento visitar este museo expresionista, la entrada es gratuita y el personal es sumamente atento. Darle las gracias a Armando Jiménez por realizar la visita guiada en inglés, por su excelente conocimiento de la obra de Jorge Rando y conseguir transmitirlo de una forma amena y cercana.	Museo Jorge Rando	4	Apr-19	Apr-19	https://www.tripadvisor.es/ShowUserReviews-g187438-d6685840-r666550764-Museum_Jorge_Rando-Malaga_Costa_del_Sol_Province_of_Malaga_Andalucia.html?m=19905
¡¡Interactivo!! ¿En cuántos museos tienes la oportunidad de interactuar con las piezas que se exponen? En este museo hay salas específicas para tocar instrumentos. ¡¡Es divertidísimo!!	Museo Interactivo de la Música	5	Mar-20	Mar-20	https://www.tripadvisor.es/ShowUserReviews-g187438-d7394146-r750383451-Museo_Interactivo_de_la_Musica-Malaga_Costa_del_Sol_Province_of_Malaga_Andalucia.html?m=19905
Volver y volver y volver. Me encanta este sitio. No sé cuántas veces he venido ya. Mi hijo va directo a las salas rojas a tocar los instrumentos. Es tremendamente divertido.	Museo Interactivo de la Música	5	Dec-19	Mar-20	https://www.tripadvisor.es/ShowUserReviews-g187438-d7394146-r750237206-Museo_Interactivo_de_la_Musica-Malaga_Costa_del_Sol_Province_of_Malaga_Andalucia.html?m=19905
Muy bueno. Pero me faltó una figura de tuba de bloques y más tipo de merchandising de instrumentos de viento metal que no sean trompetas que están sobrevaloradas y que hubiera 3 tipos de batería y ninguno de tuba.	Museo Interactivo de la Música	3	Jan-20	Feb-20	https://www.tripadvisor.es/ShowUserReviews-g187438-d7394146-r745046672-Museo_Interactivo_de_la_Musica-Malaga_Costa_del_Sol_Province_of_Malaga_Andalucia.html?m=19905
Una inspiración. Nuestra visita al MIMA fue uno de los mejores momentos en familia de nuestro recorrido por Andalucía. La colección es chica, pero rica y muy bien presentada y las numerosas zonas interactivas son perfectas para introducir tanto los más pequeños como los adultos a la música. El espectáculo de flamenco es muy intímo y de gran calidad. Nuestra hija de 4 años salió del museo diciendo que quiere ser guitarrista flamenca. :-)	Museo Interactivo de la Música	5	Dec-19	Jan-20	https://www.tripadvisor.es/ShowUserReviews-g187438-d7394146-r737688644-Museo_Interactivo_de_la_Musica-Malaga_Costa_del_Sol_Province_of_Malaga_Andalucia.html?m=19905
"Disfrutando con la música. Una interesante experiencia por descubrir en el corazón de Málaga. Huyendo de los museos comerciales masificados de la ciudad (Carmen Thyssen, Picasso y similares), decidí adentrarme en este, el Museo Interactivo de la Música de Málaga (MIMMA), atraído por la curiosa leyenda informativa ubicada en su exterior: «Se ruega tocar». Sin pensármelo dos veces, adquirí mi entrada (5 € de coste) y me sumergí en el fantástico mundo de la música. El museo, situado en un palacete y distribuido en tres plantas, está dividido en varias zonas perfectamente identificadas: 
-Blancas: unos espacios donde se muestran instrumentos y partes de gran tamaño, como una mano musical interactiva en el vestíbulo que me llamó bastante la atención.
-Negras: en estos espacios se enseñan las colecciones permanentes, haciendo el recorrido en sí por toda la historia de la música a través de instrumentos de gran belleza y valor de numerosas partes del mundo. Los paneles explicativos, además, son de gran aporte informativo y cultural, situándose asimismo por todo el museo pantallas interactivas para conocer, por ejemplo, cómo suenan distintos instrumentos oriundos de culturas remotas.
-Rojas: sin duda, las salas más interactivas y curiosas del museo, repartidas estratégicamente por todas las instalaciones. En estas dependencias se ubican instrumentos reales para poder ser tocados de forma libre por los visitantes. Para ello, por si no se tiene idea de cómo hacerlo, o por si se quiere perfeccionar la técnica, puede obtenerse la ayuda necesaria gracias a un «profesor virtual» que enseña a tocar correctamente instrumentos tan variopintos como el gong, la caja flamenca, la guitarra, el piano o el violín, entre otros.
Me gustaron bastante las señalizaciones, sencillas, pero muy completas para saber en cada momento hacia dónde dirigirse. Además, el museo es totalmente accesible a través de ascensores. Para completar la visita podemos subir a la terraza, donde tomar algo de forma relajada y contemplar las vistas. Junto a ella se ubican los aseos. De igual forma, el museo dispone de una tienda para adquirir un recuerdo de esta grata visita que repetiré en cuanto me sea posible ya que se pierde la noción del tiempo en su interior... y eso es una muy buena señal. Enhorabuena a todos los que mantienen viva la esencia de la música en este museo y la hacen accesible de un modo tan ameno y divertido."	Museo Interactivo de la Música	5	Nov-19	Nov-19	https://www.tripadvisor.es/ShowUserReviews-g187438-d7394146-r729497317-Museo_Interactivo_de_la_Musica-Malaga_Costa_del_Sol_Province_of_Malaga_Andalucia.html?m=19905
Disfrute de la música. Además de un espectáculo flamenco de altísima calidad, tanto del eximio guitarrista que exhibió maravillosas variaciones melódicas y armónicas, así como de una cantaora excelente, se pudo apreciar una diversidad de instrumentos musicales. Recomendado.	Museo Interactivo de la Música	5	May-19	Nov-19	https://www.tripadvisor.es/ShowUserReviews-g187438-d7394146-r724537803-Museo_Interactivo_de_la_Musica-Malaga_Costa_del_Sol_Province_of_Malaga_Andalucia.html?m=19905
Para melómanos. Extraordinaria exposición de instrumentos de los 5 continentes. Cuenta también con salas de experimentación en las que se ruega tocar los instrumentos. Ideal para niños de 0 a 99 años. Me llamaron mucho la atención dos instrumentos que simulan el «taconeo» de los distintos palos del flamenco. Son la Máquina de Melquiades y Carmen, de autor malagueño, una de las 3 que hay en el mundo. El MIMM, una experiencia altamente recomendable. El trato y la atención del personal es exquisito.	Museo Interactivo de la Música	5	Nov-19	Nov-19	https://www.tripadvisor.es/ShowUserReviews-g187438-d7394146-r723667733-Museo_Interactivo_de_la_Musica-Malaga_Costa_del_Sol_Province_of_Malaga_Andalucia.html?m=19905
HISTORIA VIVA DE LA MÚSICA. Este museo recorre toda la historia de la música desde los primeros instrumentos realizados por los seres humanos hasta los más modernos. Además, muchos de ellos se pueden tocar, teniendo así una experiencia interactiva.	Museo Interactivo de la Música	5	May-19	Oct-19	https://www.tripadvisor.es/ShowUserReviews-g187438-d7394146-r715800303-Museo_Interactivo_de_la_Musica-Malaga_Costa_del_Sol_Province_of_Malaga_Andalucia.html?m=19905
Recomendable para amantes (y no amantes) de la música. Un museo genial, pensado para conocer e interactuar con la música. Imprescindible si váis con niños puesto que es un lugar genial. «Se ruega tocar» es el lema.	Museo Interactivo de la Música	5	Jun-19	Sep-19	https://www.tripadvisor.es/ShowUserReviews-g187438-d7394146-r711614372-Museo_Interactivo_de_la_Musica-Malaga_Costa_del_Sol_Province_of_Malaga_Andalucia.html?m=19905
Sorpresa muy agradable. Visitamos el museo casi por casualidad. Andando por el centro de la ciudad, decidimos entrar para huir del calor y encontramos un lugar con ambiente mágico, original, que ofrece varias actividades para disfrutar de la música y su historia. Pasamos una hora sin apenas notarlo, un sitio para que la familia viva uno de esos momentos que hacen de las vacaciones unso días inolvidables.	Museo Interactivo de la Música	5	Aug-19	Aug-19	https://www.tripadvisor.es/ShowUserReviews-g187438-d7394146-r697884838-Museo_Interactivo_de_la_Musica-Malaga_Costa_del_Sol_Province_of_Malaga_Andalucia.html?m=19905
Curioso. Qué cosas tan curiosas y pintorescas hay en este museo. Todo como muy... de otro mundo. De hace siglos.	Museo Unicaja de Artes y Costumbres Populares	4	Mar-20	Mar-20	https://www.tripadvisor.es/ShowUserReviews-g187438-d592917-r750238289-Museo_de_Artes_y_Costumbres_Populares-Malaga_Costa_del_Sol_Province_of_Malaga_And.html?m=19905
No hay que perdérselo. Visita amena donde podemos ver expuestos enseres del sigo XIX y XX en un precioso palacete. Algunas de sus habitaciones se mantienen decoradas como antaño.	Museo Unicaja de Artes y Costumbres Populares	5	Sep-19	Feb-20	https://www.tripadvisor.es/ShowUserReviews-g187438-d592917-r747135634-Museo_de_Artes_y_Costumbres_Populares-Malaga_Costa_del_Sol_Province_of_Malaga_And.html?m=19905
Curioso. Tiene cositas curiosas de Málaga y está en un sitio del centro muy acogedor... Merece la pena ir por tan solo una hora de tu visita en Málaga.	Museo Unicaja de Artes y Costumbres Populares	5	Nov-19	Feb-20	https://www.tripadvisor.es/ShowUserReviews-g187438-d592917-r742976300-Museo_de_Artes_y_Costumbres_Populares-Malaga_Costa_del_Sol_Province_of_Malaga_And.html?m=19905
Un museo que debe visitarse... pese a no estar incluído en los circuitos principales. Claro que Málaga tiene unos museos famosos. Buen gusto en el orden y letreros descriptivos de lo allí existente; viéndolo te da una idea de lo que fue la Málaga de principios del siglo pasado. Enhorabuena a los que hicieron posible este museo y a los que están al frente de él.	Museo Unicaja de Artes y Costumbres Populares	5	Jan-20	Jan-20	https://www.tripadvisor.es/ShowUserReviews-g187438-d592917-r741566638-Museo_de_Artes_y_Costumbres_Populares-Malaga_Costa_del_Sol_Province_of_Malaga_And.html?m=19905
Como un museo etnológico. El edificio en sí ya es interesante para tener una idea de una casa malagueña del sigo pasado o anterior. Hay desde carruajes a trajes pasando por los utensilios utilizados por artesanos y agricultores. Pasarás un par de horas interesantes y divertidas.	Museo Unicaja de Artes y Costumbres Populares	4	Dec-19	Jan-20	https://www.tripadvisor.es/ShowUserReviews-g187438-d592917-r740938724-Museo_de_Artes_y_Costumbres_Populares-Malaga_Costa_del_Sol_Province_of_Malaga_And.html?m=19905
Excelente museo. Muy interesante museo en un edificio muy bonito con una colección muy completa con las distintas costumbres de la tierra como la pesca, las fiestas, los bautizos, el vino, el molino, la almazara, etc. Didáctico y entretenido.	Museo Unicaja de Artes y Costumbres Populares	5	Dec-19	Dec-19	https://www.tripadvisor.es/ShowUserReviews-g187438-d592917-r731567104-Museo_de_Artes_y_Costumbres_Populares-Malaga_Costa_del_Sol_Province_of_Malaga_And.html?m=19905
Viaje en el Tiempo muy interesante. Ubicado en un precioso edificio, rememora la vida en épocas anteriores. Muy bien conservado y muy ameno de visitar, totalmente recomendable.	Museo Unicaja de Artes y Costumbres Populares	4	Sep-19	Sep-19	https://www.tripadvisor.es/ShowUserReviews-g187438-d592917-r708037552-Museo_de_Artes_y_Costumbres_Populares-Malaga_Costa_del_Sol_Province_of_Malaga_And.html?m=19905
Interesante visita. El edificio que lo alberga y sus estancias (una antigua posada) ya merecen la pena por sí solos. Muy cuidado todo y con mucho encanto, manteniendo la esencia de lo que fue. Y luego, toda la colección de objetos de una memoria en la que algunos hemos tenido la oportunidad de rememorar determinadas vivencias de nuestra infancia. Para mi gusto, especialmente interesante la planta baja, dedicada básicamente a los oficios y a las actividades económicas.	Museo Unicaja de Artes y Costumbres Populares	4	Jun-19	Jun-19	https://www.tripadvisor.es/ShowUserReviews-g187438-d592917-r681623155-Museo_de_Artes_y_Costumbres_Populares-Malaga_Costa_del_Sol_Province_of_Malaga_And.html?m=19905
Visita cargada de historia y recuerdos para algunos. Nos muestra todas nuestras tradiciones y sus orígenes. Viaje en el tiempo al pasado muy enriquecedor.	Museo Unicaja de Artes y Costumbres Populares	5	Jun-18	Apr-19	https://www.tripadvisor.es/ShowUserReviews-g187438-d592917-r666326625-Museo_de_Artes_y_Costumbres_Populares-Malaga_Costa_del_Sol_Province_of_Malaga_And.html?m=19905
Poco visitado, pero muy completo. Museo muy completo en una casa típica, donde los que tenemos 60 años recordamos muchas cosas de nuestra niñez. No dejéis de visitarlo.	Museo Unicaja de Artes y Costumbres Populares	5	Mar-19	Mar-19	https://www.tripadvisor.es/ShowUserReviews-g187438-d592917-r662541141-Museo_de_Artes_y_Costumbres_Populares-Malaga_Costa_del_Sol_Province_of_Malaga_And.html?m=19905
Museo del vidrio. Málaga. Genial. Puede que no sea el más conocido de la ciudad, pero es una preciosidad, tiene piezas fantásticas y está muy cuidado. Puedes hacer la visita también en francés, que yo sepa, si lo solicitas. Si coincide que es Navidad, montan un Belén con piezas de Lladró maravilloso y de visita gratuita. No lo olvides si visitas Málaga o vives allí.	Museo del Vidrio y del Cristal	5	Dec-19	Mar-20	https://www.tripadvisor.es/ShowUserReviews-g187438-d1557607-r750749677-Museo_del_Vidrio_y_Cristal_de_Malaga-Malaga_Costa_del_Sol_Province_of_Malaga_And.html?m=19905
Un sitio peculiar. Hay museos peculiares en España y este es uno de ellos. No solo de cuadros vive el arte. En el museo del vídrio hay cristaleras espectaculares, vasos y otros utensilios de cocina chulísimos, y no dejéis de ir en Navidad para ver su Belén de porcelana.	Museo del Vidrio y del Cristal	5	Dec-19	Mar-20	https://www.tripadvisor.es/ShowUserReviews-g187438-d1557607-r750235930-Museo_del_Vidrio_y_Cristal_de_Malaga-Malaga_Costa_del_Sol_Province_of_Malaga_And.html?m=19905
Sorpresa ante un tipo de arte desconocido. En particular, no esperaba nada nuevo sobre este museo tan diferente frente a los que suelo visitar. Pero tres son los factores que me «encandilaron» en esta experiencia: el vidrio y las diferentes formas y colores que adopta, la casa palacio y, lo mejor, la explicación de la guía del lugar, con la que todo aquello toma vida. La guía sabe de arte, como se dice popularmente ahí en el Sur, una «jartá». Enhorabuena por ese museo que lleva camino de ser toda una institución.	Museo del Vidrio y del Cristal	5	Feb-20	Mar-20	https://www.tripadvisor.es/ShowUserReviews-g187438-d1557607-r749863083-Museo_del_Vidrio_y_Cristal_de_Malaga-Malaga_Costa_del_Sol_Province_of_Malaga_And.html?m=19905
Museo del Cristal y del Vidrio Málaga. Excelente visita guiada por el director. Trasmite pasión por mostrar el contenido del museo al visitante (piezas de arte decorativas, mobiliario...) por lo que el visitante se marcha encantado de la experiencia vivida.	Museo del Vidrio y del Cristal	5	Feb-20	Mar-20	https://www.tripadvisor.es/ShowUserReviews-g187438-d1557607-r748525194-Museo_del_Vidrio_y_Cristal_de_Malaga-Malaga_Costa_del_Sol_Province_of_Malaga_And.html?m=19905
Gran variedad de creaciones artísticas. En su interior puedes ver ambientado en una antigua posada con una cuidada decoración diferentes piezas de vidrio y cristal, desde algunas muy antiguas procedentes de Egipto a otras más cotidianas de los años 60 o 70. Además, vidrieras y otras obras de arte. Si te gusta este tipo de objetos, visítalo.	Museo del Vidrio y del Cristal	5	Feb-20	Feb-20	https://www.tripadvisor.es/ShowUserReviews-g187438-d1557607-r745021256-Museo_del_Vidrio_y_Cristal_de_Malaga-Malaga_Costa_del_Sol_Province_of_Malaga_And.html?m=19905
UNA HISTORIA DEL VIDRIO Y EL CRISTAL. Este museo cuenta con una amplia colección de objetos de vidrio y cristal desde sus orígenes históricos hasta la actualidad, contando con piezas de gran belleza. Destaca su colección de vidrieras elaboradas con diferentes técnicas. El edificio también es muy bello y bien conservado, lo que aporta un valor adicional a la visita.	Museo del Vidrio y del Cristal	5	May-19	Feb-20	https://www.tripadvisor.es/ShowUserReviews-g187438-d1557607-r743954318-Museo_del_Vidrio_y_Cristal_de_Malaga-Malaga_Costa_del_Sol_Province_of_Malaga_And.html?m=19905
Visita muy buena a ese gran desconocido. El Museo del Vidrio y del Cristal es un gran desconocido en Málaga. Merece la pena dedicarle unas horas a su visita. Solo se pueden hacer visitas guiadas, pero son muy agradables e instructivas, sobre todo si se tiene la suerte de que te atienda el propio dueño de la mansión y del museo. No solo impresiona el cristal, ya que el mobiliario, cuadros, lámparas, alfombras, etc. son dignas de verse. En resumen, una visita que nadie debe perderse.	Museo del Vidrio y del Cristal	5	Feb-20	Feb-20	https://www.tripadvisor.es/ShowUserReviews-g187438-d1557607-r743753718-Museo_del_Vidrio_y_Cristal_de_Malaga-Malaga_Costa_del_Sol_Province_of_Malaga_And.html?m=19905
Increíble museo en Málaga, ese GRAN desconocido. No se puede concebir una visita cultural a Málaga sin incluir el museo de vidrio. Tenemos un genial museo y es el gran desconocido de la ciudad y de los malagueños.	Museo del Vidrio y del Cristal	5	Jan-20	Jan-20	https://www.tripadvisor.es/ShowUserReviews-g187438-d1557607-r738817145-Museo_del_Vidrio_y_Cristal_de_Malaga-Malaga_Costa_del_Sol_Province_of_Malaga_And.html?m=19905
Trato demencial... Hemos ido a ver el Belén del museo con niños y nos han tratado fatal. El encargado, de muy malas formas, nos ha dicho que no volviésemos, después de varios comentarios despectivos hacia los niños... Nada recomendable y debería actuar el ayuntamiento para evitar este tipo de tratos a los turistas que dan de comer...	Museo del Vidrio y del Cristal	1	Dec-19	Dec-19	https://www.tripadvisor.es/ShowUserReviews-g187438-d1557607-r731147292-Museo_del_Vidrio_y_Cristal_de_Malaga-Malaga_Costa_del_Sol_Province_of_Malaga_And.html?m=19905
Merece la pena. Te quedas con la boca abierta, un lugar que si vienes a Málaga debes de anotar en tu agenda y si eres de Málaga y no lo conoces no sabes lo que te pierdes.	Museo del Vidrio y del Cristal	5	Oct-19	Nov-19	https://www.tripadvisor.es/ShowUserReviews-g187438-d1557607-r728859887-Museo_del_Vidrio_y_Cristal_de_Malaga-Malaga_Costa_del_Sol_Province_of_Malaga_And.html?m=19905
Gratuito y rápido. Al llegar del aeropuerto a la ciudad (la última parada de la línea A), se encuentran tantas curiosidades que pueden perder el museo. Resulta, que la visita allí es agradable y cómoda (dejando bolsas extra en taquilla), con exposiciones pequeñas, pero sutiles, suficiente para un novato en Málaga para introducción a su historia y tradiciones. 15 minutos eran suficientes y entrada gratuita. Tiene ascensor. Vale la pena visitar si está por la zona. Paseando.	Museo del Patrimonio Municipal	5	Feb-18	Mar-18	https://www.tripadvisor.es/ShowUserReviews-g187438-d3936085-r563994015-Municipal_Museum-Malaga_Costa_del_Sol_Province_of_Malaga_Andalucia.html?m=19905
Otro gran museo en Málaga. Quizás no llame tanto la atención como el recién inaugurado Museo de Málaga o el CAC, pero lo cierto es que este espacio alberga una espléndida colección de obras de arte; no muy amplia, pero si de una gran calidad. Su colección permanente se expone en tres salas y comprende obras que van desde el siglo XV hasta nuestros días. Cabe destacar obras como Los desposorios místicos de Santa Margarita, de Il Parmigianino, así como una buena muestra de la escuela malagueña del siglo XIX. Mi visita coincidió con una espléndida exposición temporal de Eugenio Chicano, donde en una treintena de obras nos muestra su particular visión de los paisajes andaluces. En cuanto al museo, es muy amplio y muy fácil de visitar. Mención aparte para la amabilidad del personal, en todo momento atento a ayudar y aconsejar. La entrada es gratuita y el horario de apertura, de martes a domingo de 10 a 14 y de 17 a 20 horas.	Museo del Patrimonio Municipal	5	Feb-17	Feb-17	https://www.tripadvisor.es/ShowUserReviews-g187438-d3936085-r456966109-Municipal_Museum-Malaga_Costa_del_Sol_Province_of_Malaga_Andalucia.html?m=19905
Interesante visita. El museo de la coracha acoge una buena muestra de arte malagueño, especialmente del siglo XIX. Para eso que llaman «arte» contemporáneo, mejor visitar el CAC. A destacar la entrega de las auxiliares de sala, la mayoría de ellas estudiantes de arte en prácticas, que suplen su escasa experiencia con mucha voluntad.	Museo del Patrimonio Municipal	4	Nov-15	Aug-16	https://www.tripadvisor.es/ShowUserReviews-g187438-d3936085-r411093356-Municipal_Museum-Malaga_Costa_del_Sol_Province_of_Malaga_Andalucia.html?m=19905
«Museo». Nada especial, instalaciones descuidadas, muy cutre, anticuado... Podrían reutilizar ese edificio para algo mejor. La verdad es que está en un enclave muy bueno, pero no es nada atractivo ni tiene ninguna actividad; no vale para nada.	Museo del Patrimonio Municipal	1	Feb-16	May-16	https://www.tripadvisor.es/ShowUserReviews-g187438-d3936085-r371757582-Municipal_Museum-Malaga_Costa_del_Sol_Province_of_Malaga_Andalucia.html?m=19905
"Imprescindible y... ¡gratis!
Magnífico espacio museístico situado a un paso del puerto (Muelle 1), al final del Paseo del parque. Hemos estado muchas veces: en la Noche en blanco (es una apuesta segura), con nuestros hijos pequeños, en pareja... Y siempre te sorprende. Los fondos del museo son impresionantes y el personal amabilísimo y muy profesional. Recomiendo especialmente llamar y reservar visita guiada (es gratuita) con Ana Belén, una magnífica historiadora del arte y mejor comunicadora. Nosotros hemos reservado por teléfono, preguntando por ella, y por mail. Se nota que ama su trabajo y te transmite ese amor. ¡Una joya! Hace también rutas guiadas (¡gratis!) por el centro monumental de la ciudad y también hemos asistido a talleres infantiles y teatro de guiñoles para niños en el mismo museo que organiza junto con otro compañero (siento no recordar su nombre). Las visitas son amenas y divertidas, interactivas y permiten tener una visión de Málaga nueva y refrescante. Por cierto, sé que también organiza visitas para personas con discapacidad. No os lo podéis perder (después podéis tomar unas tapas en frente, en el Muelle 1, y tendréis el colofón perfecto a un magnífico día)."	Museo del Patrimonio Municipal	5	Feb-16	Feb-16	https://www.tripadvisor.es/ShowUserReviews-g187438-d3936085-r345502141-Municipal_Museum-Malaga_Costa_del_Sol_Province_of_Malaga_Andalucia.html?m=19905
Museo gratuito. La estética del edificio rompe con la zona que lo rodea y esta zona es muy singular en Málaga: la zona de la Coracha. En su interior vamos a disfrutar de exposiciones itinerantes de la historia de la ciudad de Málaga.	Museo del Patrimonio Municipal	4	Oct-15	Feb-16	https://www.tripadvisor.es/ShowUserReviews-g187438-d3936085-r344688827-Municipal_Museum-Malaga_Costa_del_Sol_Province_of_Malaga_Andalucia.html?m=19905
Muy recomendable. Museo muy poco conocido y publicitado al que llegamos de casualidad. Buenas instalaciones y personal encantador. Actualmente, y hasta el día 27 de diciembre, exponen, entre otras cosas, la obra de Paco González San Agustín con excelentes fotos de Marruecos.	Museo del Patrimonio Municipal	4	Nov-15	Nov-15	https://www.tripadvisor.es/ShowUserReviews-g187438-d3936085-r329720918-Municipal_Museum-Malaga_Costa_del_Sol_Province_of_Malaga_Andalucia.html?m=19905
Un museo interesante y poco conocido de la ciudad de Málaga. El edificio en sí desde el exterior más bien parece un bloque de oficinas, pero una vez se pasan las puertas y te adentras en sus salas vas descubriendo notas de la historia de Málaga. Varias salas con exposiciones permanentes del patrimonio malagueño y otras con exposiciones temporales, como la exposición actual «150 años de la llegada del ferrocarril Cordoba-Málaga», muy interesante, con fotografías y documentos de la época.	Museo del Patrimonio Municipal	4	Nov-15	Nov-15	https://www.tripadvisor.es/ShowUserReviews-g187438-d3936085-r328343415-Municipal_Museum-Malaga_Costa_del_Sol_Province_of_Malaga_Andalucia.html?m=19905
Bonito. Bonito museo que merece la pena visitar siestas en Málaga ya que está en una zona muy céntrica y bonita. El edificio es muy moderno y característico.	Museo del Patrimonio Municipal	4	Apr-15	Apr-15	https://www.tripadvisor.es/ShowUserReviews-g187438-d3936085-r268773805-Municipal_Museum-Malaga_Costa_del_Sol_Province_of_Malaga_Andalucia.html?m=19905
Precioso lugar; buen museo. Las instalaciones del museo son geniales y su contenido y exposición también muy buenos. Estuve para unas conferencias y tanto las instalaciones, habitaciones como personal muy amable y bueno. Apenas tuve tiempo de mirar detenidamente la colección del museo, pero lo poco que pude ver me gustó.	Museo del Patrimonio Municipal	4	Dec-14	Dec-14	https://www.tripadvisor.es/ShowUserReviews-g187438-d3936085-r245209851-Municipal_Museum-Malaga_Costa_del_Sol_Province_of_Malaga_Andalucia.html?m=19905
Cuando menos interesante. Un extraordinario viaje por la obra de este magnífico pintor en el maravilloso marco de la restaurada casa y taller en Málaga del imaginero Pedro de Mena.	Museo Revello de Toro	4	Nov-19	Feb-20	https://www.tripadvisor.es/ShowUserReviews-g187438-d3670525-r747134867-Revello_de_Toro_Museum-Malaga_Costa_del_Sol_Province_of_Malaga_Andalucia.html?m=19905
Un espacio singular, para una colección muy singular. Situado en el antiguo taller que fuera de Pedro de Mena. Merece la pena, en primer lugar, pasear por sus salas y disfrutar de ese espacio en que se generaron tantas obras maestras de la imaginería, como la Magadelana penitente del Prado o el Cristo de la buena muerte, tan querido en Málaga y, luego, aconsejo sentarse en la biblioteca y tras descansar e ilustrarse sobre la obra de F. Revello de Toro, iniciar un paseo sosegado por la exposición. Una colección breve, pero intensa, reflejo de una época y sobre todo de un estilo. De una forma de mirar a la naturaleza desde la sensualidad. Muy recomendable.	Museo Revello de Toro	5	Jan-20	Jan-20	https://www.tripadvisor.es/ShowUserReviews-g187438-d3670525-r741542445-Revello_de_Toro_Museum-Malaga_Costa_del_Sol_Province_of_Malaga_Andalucia.html?m=19905
Una sorpresa esperada y poco conocida. En un caserón antiguo del centro de Málaga encuentras una exposición de cuadros donde destaca la luz, el color y el retrato de la mujer. Espectacular la pintura.	Museo Revello de Toro	5	Oct-19	Oct-19	https://www.tripadvisor.es/ShowUserReviews-g187438-d3670525-r718034671-Revello_de_Toro_Museum-Malaga_Costa_del_Sol_Province_of_Malaga_Andalucia.html?m=19905
Gran pintor. Pintor malagueño extraordinario, un artista del retrato realista con toques de modernidad, inigualable.	Museo Revello de Toro	5	Jul-19	Sep-19	https://www.tripadvisor.es/ShowUserReviews-g187438-d3670525-r710147945-Revello_de_Toro_Museum-Malaga_Costa_del_Sol_Province_of_Malaga_Andalucia.html?m=19905
¡¡Hay que visitarlo!! Si estás en Málaga, estás paseando por su casco histórico y te gusta la pintura, este es un museo que no deberías dejar de ver.	Museo Revello de Toro	5	Apr-19	Aug-19	https://www.tripadvisor.es/ShowUserReviews-g187438-d3670525-r701755121-Revello_de_Toro_Museum-Malaga_Costa_del_Sol_Province_of_Malaga_Andalucia.html?m=19905
Visita recomendable. Visita recomendable en una sucesiva escapada a la ciudad a excepción de los admiradores del genial pintor. Buena ubicación, céntrico, localizado en la que fuera casa-taller del imaginero Mena, lo cual es un valor añadido al mismo. Personal amable dispuesto a ayudar al visitante. Sede de la colección permanente del legado realizado a su ciudad natal. Las características personales como pintor figurativo y gran retratista pueden resultar en obras repetitivas para aquellos que no conozcan su trabajo.	Museo Revello de Toro	4	Mar-19	Aug-19	https://www.tripadvisor.es/ShowUserReviews-g187438-d3670525-r697546676-Revello_de_Toro_Museum-Malaga_Costa_del_Sol_Province_of_Malaga_Andalucia.html?m=19905
Buen museo. Muy bonitas obras de arte y el edificio también acompaña a visitarlo. Obras con mucha sencillez y buen gusto. Puedes estar un tiempo observándolas.	Museo Revello de Toro	4	Apr-18	Mar-19	https://www.tripadvisor.es/ShowUserReviews-g187438-d3670525-r660850692-Revello_de_Toro_Museum-Malaga_Costa_del_Sol_Province_of_Malaga_Andalucia.html?m=19905
Precioso. Buen horario, buen precio. Iluminación perfecta. En silencio todas las salas. Muy acogedor y sin ruidos de la calle a pesar de estar en pleno centro.	Museo Revello de Toro	5	Jun-18	Feb-19	https://www.tripadvisor.es/ShowUserReviews-g187438-d3670525-r651798767-Revello_de_Toro_Museum-Malaga_Costa_del_Sol_Province_of_Malaga_Andalucia.html?m=19905
El legado de un gran pintor malagueño. El edificio que alberga el museo fue el antiguo taller de Pedro de Mena, como se puede comprobar al descubrir su historia nada más traspasar la puerta. Luego, en el interior, se encuentran algunas de las mejores obras del pintor malagueño que da nombre al museo.	Museo Revello de Toro	4	Dec-18	Feb-19	https://www.tripadvisor.es/ShowUserReviews-g187438-d3670525-r649645758-Revello_de_Toro_Museum-Malaga_Costa_del_Sol_Province_of_Malaga_Andalucia.html?m=19905
Un pequeño museo que bien merece una visita. En la que fue casa del célebre escultor Pedro de Mena se ubica ahora el museo de este pintor malagueño, particularmente conocido por sus espléndidos retratos, llenos de finura y buen gusto, en los que, con un dibujo sobresaliente y una técnica admirable, sabe sacar lo mejor de los retratados y, en particular, de las mujeres retratadas. También merecen atención sus bodegones. Aunque la medida de este gran pintor (de gusto clasicista) la dan sus óleos, en el museo se exhibe también una excelente colección de dibujos. La ubicación del museo, muy cerca de la catedral, y el propio edificio (un antiguo caserón con patio interior) son otros activos que justifican sobradamente la visita.	Museo Revello de Toro	4	Jan-19	Jan-19	https://www.tripadvisor.es/ShowUserReviews-g187438-d3670525-r644334389-Revello_de_Toro_Museum-Malaga_Costa_del_Sol_Province_of_Malaga_Andalucia.html?m=19905
No está nada cuidado. Para empezar, te cobran 5 €, aunque incluye 2 copitas de vino de Málaga (yo, a las 11 de la mañana, no bebo alcohol). La colección de etiquetas es estupenda, pero vistas algunas, vistas todas. No es un mal museo pero no está para nada cuidado. La iluminación es pésima, pocos focos alumbrando a donde no hay nada y vitrinas en las que tuve que poner la linterna del móvil para ver qué había dentro. Luego tienen otros detalles que también tendrían que mejorar, como son las etiquetas de las piezas, ridículas cuando las había y sin ninguna información sobre ellas, el nombre y poco más. No vale la pena pagar 5 € por esto; hay museos mucho más interesantes en Málaga para perder el tiempo en algo así.	Museo del Vino	1	Feb-20	Feb-20	https://www.tripadvisor.es/ShowUserReviews-g187438-d1438220-r746638762-Museo_del_Vino_Malaga-Malaga_Costa_del_Sol_Province_of_Malaga_Andalucia.html?m=19905
Totalmente recomendable. La visita por el museo ha sido muy interesante. Información concisa y ordenada. La chica, agradable, cercana y apasionada de su trabajo. Los vinos de las catas, muy muy ricos. Totalmente recomendable.	Museo del Vino	5	Nov-19	Nov-19	https://www.tripadvisor.es/ShowUserReviews-g187438-d1438220-r723238806-Museo_del_Vino_Malaga-Malaga_Costa_del_Sol_Province_of_Malaga_Andalucia.html?m=19905
"Excelente museo. Pequeño, pero completo museo y Sara de inmejorable trato. Muy buena conversación y excelentes recomendaciones. Saludos desde México. 
Felicidades."	Museo del Vino	5	Mar-19	Mar-19	https://www.tripadvisor.es/ShowUserReviews-g187438-d1438220-r657728112-Museo_del_Vino_Malaga-Malaga_Costa_del_Sol_Province_of_Malaga_Andalucia.html?m=19905
¡Un museo muy interesante (e infravalorado)! Sinceramente, este museo debería tener un mayor reconocimiento del que actualmente posee. Si te gusta el vino y eres una persona curiosa, lo vas a disfrutar bastante. Es un sitio muy bonito, económico, pequeño (excelente si tienes poco tiempo para hacer cosas) y con una atención al detalle muy adecuada. Muy informativo y completo ya que al final, por el precio de la entrada, te incluyen una cata de dos vinos de la zona. Quizás le falta ser un poco más interactivo (¿menos material de lectura por más video quizás?) para atraer al turista joven. Aunque sinceramente a nosotros (como jóvenes estudiantes) nos encantó su sencillez. Al mismo tiempo, es increíble tener el sitio no repleto de gente y tomarte tu tiempo para disfrutarlo. Un agradecimiento especial a Sara, ¡que tiene un encanto para llevar el museo!	Museo del Vino	5	Feb-19	Feb-19	https://www.tripadvisor.es/ShowUserReviews-g187438-d1438220-r653882852-Museo_del_Vino_Malaga-Malaga_Costa_del_Sol_Province_of_Malaga_Andalucia.html?m=19905
Historia del vino. Situado en el centro histórico de la ciudad, en el palacio de Biedmas, edificio que ha sido rehabilitado del siglo XVIII. Es un espacio en el que conviven la historia, cultura,  arte y  formación en torno a los vinos de la provincia de Málaga.	Museo del Vino	4	Oct-18	Oct-18	https://www.tripadvisor.es/ShowUserReviews-g187438-d1438220-r624512735-Museo_del_Vino_Malaga-Malaga_Costa_del_Sol_Province_of_Malaga_Andalucia.html?m=19905
Historia de los vinos de Málaga y más. Es un museo interesante para conocer la historia y especialidades vinícolas de la zona. Descubrirás más que los vinos dulces. También hay una extensa exposición de etiquetas históricas y antiguos aperos para cultivar y producir el vino. Es un museo pequeño, pero interesante si te interesa el tema. También está la sede del consejo regulador de la denominación de origen. Al final del recorrido se incluye una degustación de dos tipos de vino. Sara es la encargada de las visitas; es muy simpática y muy profesional informándote sobre los vinos de la zona. Si tienes preguntas, no lo dudes; Sara te las aclarará. Pasé una mañana estupenda aprendiendo sobre los vinos de Málaga. Gracias, Sara.	Museo del Vino	4	Sep-18	Sep-18	https://www.tripadvisor.es/ShowUserReviews-g187438-d1438220-r615117438-Museo_del_Vino_Malaga-Malaga_Costa_del_Sol_Province_of_Malaga_Andalucia.html?m=19905
Interesante. Es un museo pequeño en el que se exponen etiquetas y tipografía, así como artefactos relacionados con el vino de la región. También la historia, la fabricación y los distintos vinos. La entrada de 5 € incluye la cata de 2 vinos. Además, se pueden adquirir botellas de los distintos vinos. Nosotros compramos uno blanco que ya habíamos probado (Encina del Inglés) y un tinto, aconsejados por Sara, la encantadora encargada del museo (Los Aguilares) que hemos probado hoy, ya en casa, y nos ha gustado mucho. Así que muchas gracias, Sara, por la recomendación y por tu simpatía.	Museo del Vino	4	Aug-18	Sep-18	https://www.tripadvisor.es/ShowUserReviews-g187438-d1438220-r613175337-Museo_del_Vino_Malaga-Malaga_Costa_del_Sol_Province_of_Malaga_Andalucia.html?m=19905
Para conocer la historia del vino de Málaga. Es un museo pequeño, con un precio muy módico para entrar. La entrada puede incluir una degustación de dos tipos de vino al final del recorrido. La visita empieza en la planta baja en una sala con las etiquetas de diferentes momentos históricos del vino en Málaga. Se sube al primer piso donde se encuentra su historia en paneles, muy interesante. Para quien tiene poco  tiempo y, además, le gusta el vino, este es un lugar a visitar. No tiene audioguías, solo planchas en inglés, español, francés y alemán colocadas en las paredes. Al bajar, degustamos un vino blanco y uno dulce, ideal como digestivo. Las botellas se adquieren a precios razonables.	Museo del Vino	3	Jul-18	Jul-18	https://www.tripadvisor.es/ShowUserReviews-g187438-d1438220-r598366284-Museo_del_Vino_Malaga-Malaga_Costa_del_Sol_Province_of_Malaga_Andalucia.html?m=19905
Un museo pequeño, pero interesante. Este museo ofrece la oportunidad de conocer y aprender algo sobre un tema tan interesante, e importante en la historia de la humanidad como es el vino, desde la Biblia hasta nuestros días. Puedes probar los vinos de la tierra malagueña, en una invitación que te ofrece el museo.	Museo del Vino	4	Mar-18	Jun-18	https://www.tripadvisor.es/ShowUserReviews-g187438-d1438220-r584429793-Museo_del_Vino_Malaga-Malaga_Costa_del_Sol_Province_of_Malaga_Andalucia.html?m=19905
Muy interesante. Me ha parecido un museo muy interesante donde conocer la historia de los vinos de Málaga. No es muy grande, pero está muy bien explicado todo. El trato de Sara, la recepcionista, excelente, muy simpática. La cata del final del recorrido, estupenda. La experiencia ha sido muy positiva, así que me alegra haber ido y lo recomiendo.	Museo del Vino	5	Jun-18	Jun-18	https://www.tripadvisor.es/ShowUserReviews-g187438-d1438220-r584406019-Museo_del_Vino_Malaga-Malaga_Costa_del_Sol_Province_of_Malaga_Andalucia.html?m=19905
Centro de interpretación. ¡¡Me ha encantado!! Hay que tener en cuenta que no es un acuario; es un centro de interpretación del Mar de Alborán. Paula hizo un gran trabajo explicándonos como colaboran en la recuperación y protección de la biodiversidad de este ecosistema; fueron muy instructivas las indicaciones que dio durante la visita acerca de cómo identificar y rescatar cetáceos y/o tortugas marinas que pudiesen estar varadas en las playas. En estos momentos cuentan con una tortuga marina en recuperación.	Museo Alborania 	5	Mar-20	Mar-20	https://www.tripadvisor.es/ShowUserReviews-g187438-d3752911-r751406853-Museo_Alborania-Malaga_Costa_del_Sol_Province_of_Malaga_Andalucia.html?m=19905
El Museo Alboranía - Aula del Mar debería estar en otro contexto. Como museo, muchos lo consideran pequeño. Es posible que así sea. Pero, la idea de este colectivo de amantes de la biofauna marina es la educación ambiental y no disponer de muchos acuarios y enseres marinos en la sede actual. Según mi humilde punto de vista, estas y otras instalaciones (acuarios/museo/hospital marino/administración/etc.) deberían estar por Sacaba Beach, al final de calle Pacífico, y sus instalaciones muy cerca del espeque submarino existente en esa playa. De esa manera, podrían tener suministro directo de agua para muchos acuarios, para el hospital marino, para estanques diversos de recuperación de tortugas, cetáceos, seláceos. También podrían contar con la ventaja estratégica de la cercanía del Paraje Natural de la Desembocadura del Guadalhorce, lugar donde estos profesionales desarrollan actividades de concienciación, prevención y conocimiento del medio natural y de la ornitofauna allí presente tanto habitual como migrante. También tiene buen acceso por carretera y... muchas cosas más podría contar, pero mis ideas son las reflexiones de alguien que conoce la zona desde hace muchos años. Espero que mis amigos del Aula del Mar las lean y reflexionen, sería un buen punto de partida.	Museo Alborania 	5	Jan-19	Jan-19	https://www.tripadvisor.es/ShowUserReviews-g187438-d3752911-r647843372-Museo_Alborania-Malaga_Costa_del_Sol_Province_of_Malaga_Andalucia.html?m=19905
Cerrado en sábado, contra lo que dice el horario. Nos hemos encontrado un cartel que decía: «cerrado todo el día por evento privado». Para ser una de las atracciones que más se promocionan en Malaga para niños, me parece poco serio. ¡Un sábado! A nuestros hijos les hacía ilusión...	Museo Alborania 	1	Nov-18	Nov-18	https://www.tripadvisor.es/ShowUserReviews-g187438-d3752911-r632366374-Museo_Alborania-Malaga_Costa_del_Sol_Province_of_Malaga_Andalucia.html?m=19905
Magnífico. Es un magnífico centro con una maravillosa labor. Muy educativo para conocer la fauna marina de nuestro mar y otras curiosidades, pero, además, hacen un encomiable trabajo de recuperar animales heridos.	Museo Alborania 	5	Jul-18	Jul-18	https://www.tripadvisor.es/ShowUserReviews-g187438-d3752911-r595918880-Museo_Alborania-Malaga_Costa_del_Sol_Province_of_Malaga_Andalucia.html?m=19905
Descuidado. Museo que podría ser muy interesante y ubicado en un lugar idóneo, pero que está falto de mantenimiento. Hay objetos y distintas exposiciones mal conservadas. Tiene un pontencial que no están aprovechando.	Museo Alborania 	3	Apr-18	Apr-18	https://www.tripadvisor.es/ShowUserReviews-g187438-d3752911-r576761322-Museo_Alborania-Malaga_Costa_del_Sol_Province_of_Malaga_Andalucia.html?m=19905
Malo y descuidado. Quitando un trozo de esqueleto de ballena, no hay nada de interés aquí. Había dos tortugas pequeñas en un estanque. Cuando llegamos, una de ellas tenía la cabeza atrapada en el tubo de desagüe y nadie se había dado cuenta. Avisé y al final tuve que sacarla yo mismo, medio muerta. Cuando me fui, el tubo seguía sin protección y nadie hacía nada. En fin, para no volver.	Museo Alborania 	1	Sep-16	Sep-16	https://www.tripadvisor.es/ShowUserReviews-g187438-d3752911-r419715677-Museo_Alborania-Malaga_Costa_del_Sol_Province_of_Malaga_Andalucia.html?m=19905
¡De interaccion! ¡No esperéis ver acuario y multitud de peces! En definitiva, es un lugar que puede ser interesante para visitas guiadas, escolares, etc. Nosotras hicimos la visita solas; así que poco disfrutamos. Hay gran variedad de conchas para ver a través de microscopios, pero dos de ellos no funcionaban. :( ¡Tenían una tortuga en proceso de recuperación! ¡Y hay unos 6 miniacuarios!	Museo Alborania 	2	Sep-16	Sep-16	https://www.tripadvisor.es/ShowUserReviews-g187438-d3752911-r418049242-Museo_Alborania-Malaga_Costa_del_Sol_Province_of_Malaga_Andalucia.html?m=19905
No lo recomiendo. Es un aula interactiva para que vayan los colegios con los críos, pero no para una visita con tu hijo. No es un acuario; solo hay peces y animales marinos de plástico. 7 € me parece excesivo para esto.	Museo Alborania 	1	Aug-16	Aug-16	https://www.tripadvisor.es/ShowUserReviews-g187438-d3752911-r411181004-Museo_Alborania-Malaga_Costa_del_Sol_Province_of_Malaga_Andalucia.html?m=19905
Prohibido NO TOCAR. En el paseo marítimo de Málaga está este coqueto museo dedicado al mar de Alborán. Comenzamos la visita en la planta calle entrando por la tienda. Tienen poca cosa: peluches, libros, juguetes... Pasamos a una sala circular donde proyectan un vídeo de unos 9 minutos. La calidad de la imagen no es muy buena y la intención de envolver al espectador no está bien conseguida. Nos comentó el señor de la entrada que lo iban a reparar porque está muy cascado. Subes unas escaleras y hay un diorama a tamaño real de una tortuga boba anidando y una simulación de un nido con los huevos eclosionado y las tortugas bebé corriendo hacia el mar... un pelín cutre y, de momento, todo muñecos. Pero todo cambia cuando subes a la planta segunda. Nada más salir de la escalera te topas con un estanque y ahí tenemos a la estrella del museo. Una gran tortuga marina nadando y recuperándose. Nos contó el señor de antes que el centro se dedica entre otras cosas a la recuperación de tortugas que encuentran intoxicadas con plásticos o con heridas producidas por pescadores con sus redes y lanchas. Pues ahí la teníamos, nadando tranquilamente. Esta tortuga será liberada cuando esté recuperada, por lo que es fácil que, si vais, no la veáis, pero puede ser que haya otras. Si estáis muy interesados, llamad antes. A la derecha del estanque de la tortuga hay una sala grande con una exposición de moluscos, cangrejos, estrellas de mar. Todo animales disecados o secos directamente. Hay ejemplares muy chulos y está todo muy bien ordenado. A la izquierda del estanque pasas por un pasillo a una sala enorme donde está el grueso de la exposición. Hay un montón de cosas para ver y tocar. Microscopios para ver conchas, experimentos con agua, reproducciones a escala real de delfines, esqueletos de ballenas... En una esquina hay un simulador donde puedes conducir una barca por el mar. Otra zona tiene una colección bastante impresionante de maquetas de veleros. Hay un montón y están super bien hechos. En otra zona hay una exposición con información de tortugas marinas y tiburones... todo muy completo y con especímenes disecados que puedes tocar. Todo el museo es muy interactivo y los niños lo agradecen. Bajando a la primera planta nos damos cuenta de que nos habíamos dejado de ver una zona con acuarios. Hay peces de varias especies, muchas gambas, estrellas de mar y algún que otro bicho. Sales por la tienda y el señor con las cejas más espesas de Málaga, que es el de la taquillas, te explicará cualquier duda que le quieras plantear, muy majo el hombre. Se puede ver todo en una hora. Lo mejor: la tortuga y que sea todo muy interactivo. Lo peor: el vídeo del principio.	Museo Alborania 	4	Aug-16	Aug-16	https://www.tripadvisor.es/ShowUserReviews-g187438-d3752911-r404801909-Museo_Alborania-Malaga_Costa_del_Sol_Province_of_Malaga_Andalucia.html?m=19905
Pequeño, pero de calidad. Es una joyita de museo, discreto por fuera, pero lleno de tesoritos por dentro. Todo se puede tocar y además tiene bastantes especies vivas. Nos atendió una guía excelente, pendiente de mi hijo y de mí en todo momento, haciéndolo ameno y descubriéndonos capas de información y anécdotas maravillosas. La felicitamos por su trabajo; salimos los dos encantados. Si buscas espectáculo y grandiosidad, quizás decepcione, pero si te acercas con curiosidad e interés sincero por el mundo marino, disfrutarás.	Museo Alborania 	5	Jul-16	Jul-16	https://www.tripadvisor.es/ShowUserReviews-g187438-d3752911-r399124468-Museo_Alborania-Malaga_Costa_del_Sol_Province_of_Malaga_Andalucia.html?m=19905